{
  "tuning_mode": true,
  "best_mape": 30.395524532951754,
  "best_rmse": 1040.662215981603,
  "train_time": 49.41091060638428,
  "config": {
    "lookback": 60,
    "hidden_size": 64,
    "num_layers": 2,
    "dropout": 0.2,
    "learning_rate": 0.001,
    "epochs": 50,
    "batch_size": 32
  }
}