{
  "tuning_mode": true,
  "best_mape": 41.95131623708968,
  "best_rmse": 1429.5939547257306,
  "train_time": 16.236958503723145,
  "config": {
    "lookback": 60,
    "hidden_size": 64,
    "num_layers": 2,
    "dropout": 0.2,
    "learning_rate": 0.001,
    "epochs": 30,
    "batch_size": 128
  }
}