{
  "mape": 51.46811594270917,
  "rmse": 101.25165485982527,
  "mbe": 32.48383623598787,
  "train_time": 285.57680678367615,
  "config": {
    "lookback": 60,
    "hidden_size": 64,
    "num_layers": 2,
    "dropout": 0.2,
    "learning_rate": 0.001,
    "epochs": 20,
    "batch_size": 32
  }
}