mean_avg_err,max_avg_err,min_avg_err,p80_avg_err,p95_avg_err,p99_avg_err,mbe,pbias_pct,avg_training_time,avg_inference_time,model
0.6642584257130622,20.395694562634976,6.8351279445266755e-06,0.7981885890069421,2.7500715252504815,6.000480080527564,0.030923528219079496,0.1818574618188226,2.0861264497805863,0.30859154309981907,XGBoost
