mean_avg_err,max_avg_err,min_avg_err,p80_avg_err,p95_avg_err,p99_avg_err,mbe,pbias_pct,avg_training_time,avg_inference_time,model
0.8594323306835763,17.34929020158937,0.0003105639422038564,1.0753904778274526,2.437497544812044,5.414643074663063,-0.24916455968839699,-1.465306095705441,0.015184405433686442,0.0034646283331667533,Holt-Winters
