mean_avg_err,max_avg_err,min_avg_err,p80_avg_err,p95_avg_err,p99_avg_err,mbe,pbias_pct,avg_training_time,avg_inference_time,model
0.8894675553298085,19.758653484234234,0.00042373828828923266,1.1773572825225187,2.7515666567342345,5.9349376784144035,-0.010203496445752781,-0.060005506233182786,0.2255279749577794,0.46839386916378173,ExtraTrees
