{
  "mape": 51.00520654492957,
  "rmse": 101.80137136692667,
  "mbe": 33.37520449287467,
  "train_time": 469.6999669075012,
  "config": {
    "lookback": 120,
    "hidden_size": 128,
    "num_layers": 2,
    "dropout": 0.2,
    "learning_rate": 0.001,
    "epochs": 20,
    "batch_size": 32
  }
}