{
  "invoke_helper": true,
  "horizon": 3,
  "data": [
    [
      1765387008,
      [
        0.0253978,
        0,
        0
      ]
    ],
    [
      1765120896,
      [
        0.0264692,
        0,
        0
      ]
    ],
    [
      1764854784,
      [
        0.0245871,
        0,
        0
      ]
    ],
    [
      1764588672,
      [
        0.0246141,
        0,
        0
      ]
    ],
    [
      1764322560,
      [
        0.0251327,
        0,
        0
      ]
    ],
    [
      1764056448,
      [
        0.0251363,
        0,
        0
      ]
    ],
    [
      1763790336,
      [
        0.0251132,
        0,
        0
      ]
    ],
    [
      1763524224,
      [
        0.0253514,
        0,
        0
      ]
    ],
    [
      1763258112,
      [
        0.0243042,
        0,
        0
      ]
    ],
    [
      1762992000,
      [
        0.0252893,
        0,
        0
      ]
    ],
    [
      1762725888,
      [
        0.0249145,
        0,
        0
      ]
    ],
    [
      1762459776,
      [
        0.0241665,
        0,
        0
      ]
    ],
    [
      1762193664,
      [
        0.0245592,
        0,
        0
      ]
    ],
    [
      1761927552,
      [
        0.0242736,
        0,
        0
      ]
    ],
    [
      1761661440,
      [
        0.0254331,
        0,
        0
      ]
    ],
    [
      1761395328,
      [
        0.0268635,
        0,
        0
      ]
    ],
    [
      1761129216,
      [
        0.0263758,
        0,
        0
      ]
    ],
    [
      1760863104,
      [
        0.0246325,
        0,
        0
      ]
    ],
    [
      1760596992,
      [
        0.0243583,
        0,
        0
      ]
    ],
    [
      1760330880,
      [
        0.0244214,
        0,
        0
      ]
    ],
    [
      1760064768,
      [
        0.0253193,
        0,
        0
      ]
    ],
    [
      1759798656,
      [
        0.0261688,
        0,
        0
      ]
    ],
    [
      1759532544,
      [
        0.0266812,
        0,
        0
      ]
    ],
    [
      1759266432,
      [
        0.0265597,
        0,
        0
      ]
    ]
  ]
}