{
  "tuning_mode": true,
  "best_mape": 48.66010114733826,
  "best_rmse": 100.61186378296259,
  "train_time": 342.8661439418793,
  "config": {
    "lookback": 60,
    "hidden_size": 128,
    "num_layers": 2,
    "dropout": 0.2,
    "learning_rate": 0.001,
    "epochs": 20,
    "batch_size": 32
  }
}