{
  "tuning_mode": true,
  "best_mape": 25.490648760974718,
  "best_rmse": 92.38319753354546,
  "train_time": 53.639394998550415,
  "config": {
    "lookback": 60,
    "hidden_size": 64,
    "num_layers": 2,
    "dropout": 0.2,
    "learning_rate": 0.001,
    "epochs": 20,
    "batch_size": 32
  }
}