{
  "tuning_mode": true,
  "best_mape": 41.85754054157622,
  "best_rmse": 1427.1091973309606,
  "train_time": 37.14270377159119,
  "config": {
    "lookback": 180,
    "hidden_size": 64,
    "num_layers": 2,
    "dropout": 0.2,
    "learning_rate": 0.001,
    "epochs": 30,
    "batch_size": 128
  }
}