mean_avg_err,max_avg_err,min_avg_err,p80_avg_err,p95_avg_err,p99_avg_err,mbe,pbias_pct,avg_training_time,avg_inference_time,model
0.8834692909991307,19.044896890999997,0.00037660000000272476,1.0935554344000011,2.821905825900001,6.1530554683099945,-0.014231856509565169,-0.08369579575342041,2.6187972660306134,0.3374926020196602,Multi-RF
