mean_avg_err,max_avg_err,min_avg_err,p80_avg_err,p95_avg_err,p99_avg_err,mbe,pbias_pct,avg_training_time,avg_inference_time,model
0.8285436806329566,9.945216772381022,0.0,0.958961108978847,3.161189248023067,6.258398148979407,-0.07863996950537203,-0.4624719776617481,0.02703954006292427,0.00639508745557378,ARIMA
