{
  "mape": 52.110284813046995,
  "rmse": 101.77341825320723,
  "mbe": 32.229149538345865,
  "train_time": 409.0521705150604,
  "config": {
    "lookback": 120,
    "hidden_size": 64,
    "num_layers": 2,
    "dropout": 0.2,
    "learning_rate": 0.001,
    "epochs": 20,
    "batch_size": 32
  }
}